{"cameraMode":{"drawMode":0,"name":"Shaded","section":"Shading Mode"},"sceneLighting":true,"audioPlay":false,"sceneViewState":{"showFog":true,"showMaterialUpdate":false,"showSkybox":true,"showFlares":true,"showImageEffects":true,"showParticleSystems":true},"in2DMode":false,"pivot":{"x":0.6305956840515137,"y":-0.4441828727722168,"z":-1.471566081047058},"rotation":{"x":0.158241406083107,"y":-0.7894424200057983,"z":0.22820474207401277,"w":0.5474148988723755},"size":5.068732738494873,"orthographic":false}